{
  "mezok": [
    "Azonosító",
    "Sorszám",
    "Fémzárszám",
    "Beszállító",
    "Osztály",
    "Név",
    "Fok",
    "Hely",
    "Súly",
    "Megjegyzés",
    "Tisztaság",
    "Csíra",
    "Víz",
    "Csávázószer",
    "Oltóanyag"
  ],
  "adatok": [
    {
      "Azonosító": "cc37e69f-d35d-46ec-ae12-aa6884ea805a",
      "Beszállító": "Pannon-Mag-Agrár Kft. - Mosonmagyaróvár",
      "Csávázószer": "",
      "Csíra": "",
      "Fok": "I. fok",
      "Fémzárszám": "H-25-055/0672",
      "Hely": "POLCOS-CSARNOK-ALAP",
      "Megjegyzés": "",
      "Név": "Bükköny",
      "Oltóanyag": "",
      "Osztály": "Alapanyag",
      "Sorszám": "1",
      "Súly": "",
      "Tisztaság": "",
      "Víz": ""
    },
    {
      "Sorszám": 2,
      "Fémzárszám": "H-25-055/0672",
      "Beszállító": "Pannon-Mag-Agrár Kft. - Mosonmagyaróvár",
      "Osztály": "Alapanyag",
      "Név": "Bükköny",
      "Fok": "I. fok",
      "Hely": "POLCOS-CSARNOK-ALAP",
      "Súly": "",
      "Megjegyzés": "",
      "Tisztaság": "",
      "Csíra": "",
      "Víz": "",
      "Csávázószer": "",
      "Oltóanyag": "",
      "Azonosító": "c1efa83e-57a3-4843-93a5-de5dead9d632"
    },
    {
      "Sorszám": 3,
      "Fémzárszám": "H-25-055/0672",
      "Beszállító": "Pannon-Mag-Agrár Kft. - Mosonmagyaróvár",
      "Osztály": "Alapanyag",
      "Név": "Bükköny",
      "Fok": "I. fok",
      "Hely": "POLCOS-CSARNOK-ALAP",
      "Súly": "",
      "Megjegyzés": "",
      "Tisztaság": "",
      "Csíra": "",
      "Víz": "",
      "Csávázószer": "",
      "Oltóanyag": "",
      "Azonosító": "893cd546-d492-4212-9617-7482bf3cc3bb"
    },
    {
      "Sorszám": 4,
      "Fémzárszám": "H-25-055/0672",
      "Beszállító": "Pannon-Mag-Agrár Kft. - Mosonmagyaróvár",
      "Osztály": "Alapanyag",
      "Név": "Bükköny",
      "Fok": "I. fok",
      "Hely": "POLCOS-CSARNOK-ALAP",
      "Súly": "",
      "Megjegyzés": "",
      "Tisztaság": "",
      "Csíra": "",
      "Víz": "",
      "Csávázószer": "",
      "Oltóanyag": "",
      "Azonosító": "4275b5f9-201d-4a22-9358-3a2620d1160e"
    },
    {
      "Sorszám": 5,
      "Fémzárszám": "H-25-055/0672",
      "Beszállító": "Pannon-Mag-Agrár Kft. - Mosonmagyaróvár",
      "Osztály": "Alapanyag",
      "Név": "Bükköny",
      "Fok": "I. fok",
      "Hely": "POLCOS-CSARNOK-ALAP",
      "Súly": "",
      "Megjegyzés": "",
      "Tisztaság": "",
      "Csíra": "",
      "Víz": "",
      "Csávázószer": "",
      "Oltóanyag": "",
      "Azonosító": "b0bb7d51-292e-40f9-a2d9-0b6fd4cad487"
    }
  ],
  "listak": {
    "Beszállító": [
      "Druzstvo Agropodnikatelov Muzla - Muzla",
      "\nRajka Mg. Szövetkezet - Rajka",
      "Lipták János - Katymár",
      "Pannon-Mag-Agrár Kft. - Mosonmagyaróvár",
      "PD Jurova-Exata - Jurova"
    ],
    "Fok": [
      "Elit",
      "I. fok",
      "II. fok"
    ],
    "Hely": [
      "POLCOS-CSARNOK-ALAP",
      "POLCO-CSARNOK/BAL/01"
    ],
    "Osztály": [
      "Alapanyag",
      "Késztermék",
      "Selejt",
      "Fémzárolt"
    ]
  }
}